local_authority_name,value
Great Yarmouth,4.824595263995171
Redcar and Cleveland,3.973297087532504
Barrow-in-Furness,2.778823702003196
East Suffolk,2.7545358435203737
North Warwickshire,2.3507283546440965
Tamworth,2.295862257064196
Maldon,2.2719238641710544
Barnsley,2.147164648654974
Torbay,2.0769220651291134
Rochdale,2.0634676399263987
Rossendale,1.9551333071253207
Tameside,1.953211246382076
Fylde,1.9186141530036669
Darlington,1.8948504929053656
Nottingham,1.8454011119655187
Carlisle,1.8237342454053032
South Ribble,1.8076588282799817
High Peak,1.7575105161607727
Middlesbrough,1.713128386271299
Redditch,1.6844722079174654
